{"accuracy": [0.4211130142211914, 0.4130809009075165, 0.39013195037841797, 0.4354560971260071, 0.4211130142211914, 0.4308663308620453, 0.4027538597583771, 0.4130809009075165, 0.4165232479572296, 0.4434882402420044, 0.4205392897129059, 0.46528974175453186, 0.47504302859306335, 0.4859437644481659, 0.4962708055973053, 0.5043029189109802, 0.4813539981842041, 0.5169248580932617, 0.5186460018157959, 0.5547906160354614, 0.5490533709526062, 0.541594922542572, 0.5565117597579956, 0.565691351890564, 0.5806081295013428, 0.5915088653564453, 0.608720600605011, 0.6167527437210083, 0.628227174282074, 0.6414228081703186, 0.6477338075637817, 0.6328169703483582, 0.6660929322242737, 0.6729776263237], "loss": [0.9844158291816711, 0.8480966091156006, 0.7997305393218994, 0.7698463201522827, 0.7623321413993835, 0.776106595993042, 0.742368757724762, 0.6993688941001892, 0.7039437294006348, 0.6826899647712708, 0.7032646536827087, 0.6647884249687195, 0.638736367225647, 0.639938473701477, 0.6646249294281006, 0.6285811066627502, 0.6293440461158752, 0.6092881560325623, 0.6054856181144714, 0.5827537775039673, 0.5948722958564758, 0.6682060360908508, 0.5762842297554016, 0.5669032335281372, 0.5478445291519165, 0.5701982975006104, 0.5169676542282104, 0.49762165546417236, 0.48597097396850586, 0.4906047284603119, 0.48439285159111023, 0.4937431812286377, 0.47089338302612305, 0.4526904225349426], "val_accuracy": [0.13368983566761017, 0.13368983566761017, 0.13368983566761017, 0.13636364042758942, 0.17914438247680664, 0.3288770020008087, 0.3529411852359772, 0.48128342628479004, 0.17112299799919128, 0.13368983566761017, 0.7914438247680664, 0.6631016135215759, 0.18983957171440125, 0.33155080676078796, 0.4625668525695801, 0.49732619524002075, 0.37700533866882324, 0.5080214142799377, 0.6764705777168274, 0.11764705926179886, 0.4491978585720062, 0.43048128485679626, 0.5935828685760498, 0.6577540040016174, 0.633689820766449, 0.4224599003791809, 0.5106951594352722, 0.5347593426704407, 0.6470588445663452, 0.4385026693344116, 0.4946524202823639, 0.6978609561920166, 0.48663100600242615, 0.6122994422912598], "val_loss": [1.1189178228378296, 1.1130305528640747, 1.0714505910873413, 1.0813889503479004, 1.0945196151733398, 1.0741634368896484, 1.0023380517959595, 0.9760971665382385, 1.0307164192199707, 1.1584185361862183, 0.8974846601486206, 0.7980154156684875, 0.9608983993530273, 1.1319031715393066, 0.9116867780685425, 0.8738341331481934, 0.9244174957275391, 0.9773209691047668, 0.7666146755218506, 1.6451497077941895, 0.8449529409408569, 1.0484105348587036, 0.9975665211677551, 0.8936271667480469, 0.9574427604675293, 0.9540153741836548, 0.9973131418228149, 1.301336407661438, 0.8752939105033875, 1.1078431606292725, 1.0412935018539429, 0.8279867172241211, 1.0909183025360107, 0.9737190008163452], "learning_rate": [0.0010000000474974513, 0.0010000000474974513, 0.0010000000474974513, 0.0010000000474974513, 0.0010000000474974513, 0.0010000000474974513, 0.0010000000474974513, 0.0010000000474974513, 0.0010000000474974513, 0.0010000000474974513, 0.0010000000474974513, 0.0010000000474974513, 0.0010000000474974513, 0.0010000000474974513, 0.0010000000474974513, 0.0010000000474974513, 0.0010000000474974513, 0.0010000000474974513, 0.0010000000474974513, 0.0010000000474974513, 0.0010000000474974513, 0.0010000000474974513, 0.0010000000474974513, 0.0010000000474974513, 0.0010000000474974513, 0.0010000000474974513, 0.0005000000237487257, 0.0005000000237487257, 0.0005000000237487257, 0.0005000000237487257, 0.0005000000237487257, 0.0005000000237487257, 0.0005000000237487257, 0.0002500000118743628]}