{"accuracy": [0.4165232479572296, 0.39242684841156006, 0.43258750438690186, 0.43258750438690186, 0.4457831382751465, 0.5008605718612671, 0.4738955795764923, 0.500286877155304, 0.5295467376708984, 0.522088348865509, 0.5352839827537537, 0.5129087567329407, 0.5249569416046143, 0.544463574886322, 0.5794606804847717, 0.5484796166419983, 0.5387263298034668, 0.5685599446296692, 0.5496270656585693, 0.566838800907135, 0.5926563143730164, 0.6133103966712952, 0.5886402726173401, 0.6265060305595398, 0.609868049621582, 0.5674124956130981, 0.543316125869751, 0.5960986614227295, 0.6104417443275452, 0.6328169703483582, 0.6305220723152161, 0.6316695213317871, 0.650602400302887, 0.6345381736755371, 0.6597819924354553, 0.6368330717086792], "loss": [0.9078783988952637, 0.7923222780227661, 0.7390528321266174, 0.7482233047485352, 0.7037619352340698, 0.6888175010681152, 0.6701114177703857, 0.6482754349708557, 0.6331791281700134, 0.6536522507667542, 0.6450845003128052, 0.6191574931144714, 0.6461753845214844, 0.6028585433959961, 0.5791077613830566, 0.6061778664588928, 0.5841381549835205, 0.5794695019721985, 0.5854640603065491, 0.5583048462867737, 0.5633208155632019, 0.5584321618080139, 0.5415781140327454, 0.5163407921791077, 0.5710893869400024, 0.6122997403144836, 0.5977438688278198, 0.5466968417167664, 0.5311275720596313, 0.5074108242988586, 0.5278909802436829, 0.5213329792022705, 0.502964973449707, 0.49423909187316895, 0.48928460478782654, 0.4799244701862335], "val_accuracy": [0.13368983566761017, 0.1925133615732193, 0.13368983566761017, 0.5053476095199585, 0.5614973306655884, 0.13368983566761017, 0.5508021116256714, 0.5802139043807983, 0.5106951594352722, 0.5454545617103577, 0.6042780876159668, 0.5106951594352722, 0.5748662948608398, 0.7860962748527527, 0.2967914342880249, 0.5695187449455261, 0.7967914342880249, 0.6577540040016174, 0.38235294818878174, 0.5454545617103577, 0.7165775299072266, 0.49732619524002075, 0.5748662948608398, 0.2754010558128357, 0.5160427689552307, 0.47593581676483154, 0.31550800800323486, 0.37165775895118713, 0.5080214142799377, 0.4786096215248108, 0.40909090638160706, 0.5240641832351685, 0.51871657371521, 0.36096256971359253, 0.3796791434288025, 0.4679144322872162], "val_loss": [1.1022262573242188, 1.0035200119018555, 1.0201116800308228, 1.027937889099121, 0.9529045224189758, 0.9914718866348267, 0.9509701728820801, 0.9330187439918518, 0.8885398507118225, 0.9500781297683716, 0.9171993732452393, 0.8338826298713684, 0.8618473410606384, 0.9393299221992493, 0.9032812118530273, 0.8008450865745544, 0.837919294834137, 0.7114859223365784, 0.8567854762077332, 0.775700032711029, 0.6920099258422852, 0.8640479445457458, 1.074423909187317, 1.4271806478500366, 0.8252793550491333, 1.1619607210159302, 1.1870797872543335, 1.1565858125686646, 0.9426611661911011, 0.9501568078994751, 1.0128710269927979, 0.9537254571914673, 0.9355643391609192, 1.116297721862793, 1.2119451761245728, 0.9981206655502319], "learning_rate": [0.0010000000474974513, 0.0010000000474974513, 0.0010000000474974513, 0.0010000000474974513, 0.0010000000474974513, 0.0010000000474974513, 0.0010000000474974513, 0.0010000000474974513, 0.0010000000474974513, 0.0010000000474974513, 0.0010000000474974513, 0.0010000000474974513, 0.0010000000474974513, 0.0010000000474974513, 0.0010000000474974513, 0.0010000000474974513, 0.0010000000474974513, 0.0010000000474974513, 0.0010000000474974513, 0.0010000000474974513, 0.0010000000474974513, 0.0010000000474974513, 0.0010000000474974513, 0.0010000000474974513, 0.0010000000474974513, 0.0010000000474974513, 0.0010000000474974513, 0.0010000000474974513, 0.0005000000237487257, 0.0005000000237487257, 0.0005000000237487257, 0.0005000000237487257, 0.0005000000237487257, 0.0005000000237487257, 0.0005000000237487257, 0.0002500000118743628]}