{"accuracy": [0.36718302965164185, 0.38726332783699036, 0.4010327160358429, 0.3878370523452759, 0.39472174644470215, 0.3763625919818878, 0.4033275842666626, 0.41537579894065857, 0.44004589319229126, 0.4004589915275574, 0.43029260635375977, 0.4411933422088623, 0.4366035461425781, 0.42455536127090454, 0.45266780257225037, 0.43258750438690186, 0.48709121346473694, 0.4911072850227356, 0.5174985527992249, 0.5450372695922852, 0.5398737788200378, 0.543316125869751, 0.563970148563385, 0.5702811479568481, 0.6012622117996216, 0.5909351706504822, 0.5983935594558716, 0.6156052947044373, 0.6265060305595398, 0.651749849319458, 0.6408491134643555, 0.6609294414520264, 0.6735513210296631, 0.6637980341911316, 0.6833046674728394, 0.6970739960670471, 0.6769936680793762], "loss": [1.0105255842208862, 0.878763735294342, 0.8316494822502136, 0.8097911477088928, 0.7869758605957031, 0.7806196808815002, 0.7513725161552429, 0.7444237470626831, 0.7233706712722778, 0.7328974604606628, 0.6791671514511108, 0.6844499707221985, 0.7119045257568359, 0.6875567436218262, 0.6679045557975769, 0.6591706275939941, 0.6242290139198303, 0.6433960795402527, 0.5971930623054504, 0.5816609859466553, 0.5831781625747681, 0.6101049184799194, 0.5739669799804688, 0.5417095422744751, 0.5328577756881714, 0.5531579256057739, 0.5297696590423584, 0.5450220108032227, 0.514204740524292, 0.5162108540534973, 0.4914425015449524, 0.4711649417877197, 0.46488645672798157, 0.4634797275066376, 0.451061874628067, 0.43500804901123047, 0.44708117842674255], "val_accuracy": [0.7914438247680664, 0.7914438247680664, 0.7914438247680664, 0.6550801992416382, 0.7914438247680664, 0.14705882966518402, 0.34224599599838257, 0.614973247051239, 0.45989304780960083, 0.7860962748527527, 0.7139037251472473, 0.5347593426704407, 0.3475935757160187, 0.13636364042758942, 0.5935828685760498, 0.5989304780960083, 0.5160427689552307, 0.5935828685760498, 0.5053476095199585, 0.3288770020008087, 0.36096256971359253, 0.7112299203872681, 0.5026738047599792, 0.5481283664703369, 0.5614973306655884, 0.6791443824768066, 0.6122994422912598, 0.2245989292860031, 0.3850267231464386, 0.3395721912384033, 0.23262031376361847, 0.3074866235256195, 0.5989304780960083, 0.4438502788543701, 0.3395721912384033, 0.4171122908592224, 0.38235294818878174], "val_loss": [1.0713332891464233, 1.0191138982772827, 1.022853970527649, 1.0195484161376953, 0.964702844619751, 1.113864779472351, 1.0417819023132324, 0.9250795841217041, 0.9267447590827942, 0.8628670573234558, 0.8911583423614502, 0.8890790343284607, 0.9069061875343323, 1.0128148794174194, 0.8183571696281433, 0.849406361579895, 0.8273983597755432, 0.7976377606391907, 0.8027247190475464, 0.9968816637992859, 0.9084219932556152, 0.7491469979286194, 0.8808516263961792, 0.853430449962616, 0.8275045156478882, 0.7580984234809875, 0.8297789692878723, 1.4085865020751953, 0.9915961623191833, 1.028611660003662, 1.2129424810409546, 1.1777559518814087, 0.8037327527999878, 0.9061185717582703, 1.332922101020813, 1.1315616369247437, 1.1335010528564453], "learning_rate": [0.0010000000474974513, 0.0010000000474974513, 0.0010000000474974513, 0.0010000000474974513, 0.0010000000474974513, 0.0010000000474974513, 0.0010000000474974513, 0.0010000000474974513, 0.0010000000474974513, 0.0010000000474974513, 0.0010000000474974513, 0.0010000000474974513, 0.0010000000474974513, 0.0010000000474974513, 0.0010000000474974513, 0.0010000000474974513, 0.0010000000474974513, 0.0010000000474974513, 0.0010000000474974513, 0.0010000000474974513, 0.0010000000474974513, 0.0010000000474974513, 0.0010000000474974513, 0.0010000000474974513, 0.0010000000474974513, 0.0010000000474974513, 0.0010000000474974513, 0.0010000000474974513, 0.0010000000474974513, 0.0005000000237487257, 0.0005000000237487257, 0.0005000000237487257, 0.0005000000237487257, 0.0005000000237487257, 0.0005000000237487257, 0.0005000000237487257, 0.0002500000118743628]}