{"accuracy": [0.38163870573043823, 0.3729516267776489, 0.37630799412727356, 0.3757157027721405, 0.4057255685329437, 0.4059230089187622, 0.4075024724006653, 0.43218162655830383, 0.4465942680835724, 0.4592300057411194, 0.45449161529541016, 0.4665350317955017, 0.4706811308860779, 0.48864758014678955, 0.49220138788223267, 0.5076012015342712, 0.5036525130271912, 0.5208292007446289, 0.5190523266792297, 0.521421492099762, 0.5565646886825562, 0.5711747407913208, 0.5699901580810547, 0.5842053294181824, 0.5966436266899109, 0.5834155678749084, 0.6071075797080994, 0.6256663203239441], "loss": [0.8825100660324097, 0.765993058681488, 0.7343931198120117, 0.7105908989906311, 0.6984028220176697, 0.7006203532218933, 0.677087128162384, 0.6569064855575562, 0.634823203086853, 0.6290299892425537, 0.6364161968231201, 0.6164377927780151, 0.6177111268043518, 0.6057243943214417, 0.6061164140701294, 0.5888096690177917, 0.5897805094718933, 0.5690187811851501, 0.5939649939537048, 0.5637304186820984, 0.5366780757904053, 0.5205734372138977, 0.5275634527206421, 0.5182992815971375, 0.5191229581832886, 0.509691059589386, 0.5041954517364502, 0.48463520407676697], "val_accuracy": [0.30662983655929565, 0.45856353640556335, 0.3535911738872528, 0.27255985140800476, 0.2836095690727234, 0.1721915304660797, 0.31031307578086853, 0.30570903420448303, 0.5690608024597168, 0.5469613075256348, 0.44383057951927185, 0.47790056467056274, 0.6418048143386841, 0.36556169390678406, 0.5147329568862915, 0.37476980686187744, 0.6224677562713623, 0.2642725706100464, 0.3766114115715027, 0.3425414264202118, 0.4650092124938965, 0.4558010995388031, 0.4318600296974182, 0.4521178603172302, 0.4751381278038025, 0.509208083152771, 0.3775322139263153, 0.4410681426525116], "val_loss": [1.0665805339813232, 0.8342678546905518, 0.9331086874008179, 0.9621540307998657, 1.0577671527862549, 1.3781415224075317, 1.0323362350463867, 1.0246740579605103, 0.7999016642570496, 0.7627440094947815, 1.1527118682861328, 1.0909126996994019, 0.6480099558830261, 1.2121154069900513, 0.9622548818588257, 1.0875439643859863, 0.7954195141792297, 1.7092125415802002, 1.2908551692962646, 1.6960655450820923, 1.3096526861190796, 1.1983891725540161, 1.304476022720337, 1.0881975889205933, 1.3531367778778076, 1.0985819101333618, 1.8672410249710083, 1.3919404745101929], "learning_rate": [0.0010000000474974513, 0.0010000000474974513, 0.0010000000474974513, 0.0010000000474974513, 0.0010000000474974513, 0.0010000000474974513, 0.0010000000474974513, 0.0010000000474974513, 0.0010000000474974513, 0.0010000000474974513, 0.0010000000474974513, 0.0010000000474974513, 0.0010000000474974513, 0.0010000000474974513, 0.0010000000474974513, 0.0010000000474974513, 0.0010000000474974513, 0.0010000000474974513, 0.0010000000474974513, 0.0010000000474974513, 0.0005000000237487257, 0.0005000000237487257, 0.0005000000237487257, 0.0005000000237487257, 0.0005000000237487257, 0.0005000000237487257, 0.0005000000237487257, 0.0002500000118743628]}