{"accuracy": [0.3666337728500366, 0.3867719769477844, 0.37907207012176514, 0.4073050320148468, 0.42191511392593384, 0.4384995102882385, 0.42922013998031616, 0.4564659297466278, 0.45488646626472473, 0.462981253862381, 0.4639683961868286, 0.473247766494751, 0.4839091897010803, 0.4473839998245239, 0.4667324721813202, 0.48884502053260803, 0.4959526062011719, 0.47364264726638794, 0.48469892144203186, 0.4943731427192688, 0.5002961754798889, 0.48371174931526184, 0.5123395919799805, 0.5056268572807312, 0.5133267641067505, 0.5170779824256897, 0.5125370025634766, 0.5330700874328613, 0.5295162796974182, 0.527739405632019, 0.5407699942588806], "loss": [0.8409065008163452, 0.7393022775650024, 0.7103972434997559, 0.6933721303939819, 0.667943000793457, 0.6654837131500244, 0.6408873796463013, 0.6376988887786865, 0.6329401135444641, 0.6376757025718689, 0.6200074553489685, 0.6129025816917419, 0.6138007044792175, 0.6281106472015381, 0.6100570559501648, 0.5980677604675293, 0.6021559238433838, 0.6170184016227722, 0.6012309193611145, 0.5898235440254211, 0.6172571778297424, 0.5881126523017883, 0.5949410796165466, 0.5835138559341431, 0.566398561000824, 0.5584539771080017, 0.5780683159828186, 0.5588643550872803, 0.5662952661514282, 0.5590842366218567, 0.5508906841278076], "val_accuracy": [0.2983425557613373, 0.6049723625183105, 0.4152854382991791, 0.5147329568862915, 0.45856353640556335, 0.42449355125427246, 0.460405170917511, 0.42909759283065796, 0.4419889450073242, 0.5285451412200928, 0.6289134621620178, 0.40423572063446045, 0.3784530460834503, 0.3674033284187317, 0.609576404094696, 0.6823204159736633, 0.4005524814128876, 0.41988950967788696, 0.5174953937530518, 0.39502763748168945, 0.5856353640556335, 0.5966851115226746, 0.3766114115715027, 0.6068139672279358, 0.48342540860176086, 0.5147329568862915, 0.5368323922157288, 0.6279926300048828, 0.5939226746559143, 0.5055248737335205, 0.5257827043533325], "val_loss": [0.9323462843894958, 0.957801342010498, 0.8451128602027893, 0.8646917343139648, 0.807561993598938, 0.8388851284980774, 1.0640630722045898, 0.8616905212402344, 0.821816623210907, 0.8509930968284607, 0.7057203054428101, 1.3172427415847778, 1.2024688720703125, 1.7440310716629028, 0.720210075378418, 0.6746289134025574, 1.2505407333374023, 0.9224405884742737, 0.9540798664093018, 1.1526875495910645, 0.8680573105812073, 0.9711782336235046, 1.2868905067443848, 0.8029448390007019, 1.1356481313705444, 0.9079022407531738, 0.8989658355712891, 0.7754877805709839, 0.9594238996505737, 1.0938591957092285, 1.0647406578063965], "learning_rate": [0.0010000000474974513, 0.0010000000474974513, 0.0010000000474974513, 0.0010000000474974513, 0.0010000000474974513, 0.0010000000474974513, 0.0010000000474974513, 0.0010000000474974513, 0.0010000000474974513, 0.0010000000474974513, 0.0010000000474974513, 0.0010000000474974513, 0.0010000000474974513, 0.0010000000474974513, 0.0010000000474974513, 0.0010000000474974513, 0.0010000000474974513, 0.0010000000474974513, 0.0010000000474974513, 0.0010000000474974513, 0.0010000000474974513, 0.0010000000474974513, 0.0010000000474974513, 0.0005000000237487257, 0.0005000000237487257, 0.0005000000237487257, 0.0005000000237487257, 0.0005000000237487257, 0.0005000000237487257, 0.0005000000237487257, 0.0002500000118743628]}