{"accuracy": [0.36525171995162964, 0.3654491603374481, 0.3439289331436157, 0.34728530049324036, 0.3393879532814026, 0.33464956283569336, 0.34491610527038574, 0.33089831471443176, 0.3401776850223541, 0.3338598310947418, 0.35478776693344116, 0.37887462973594666, 0.38499507308006287, 0.4173741340637207, 0.42033565044403076, 0.44086870551109314, 0.46712735295295715, 0.4839091897010803, 0.5034551024436951, 0.4941757023334503, 0.5178677439689636, 0.526752233505249, 0.5399802327156067, 0.5275419354438782, 0.5522211194038391, 0.5539980530738831], "loss": [0.9342942833900452, 0.8000752329826355, 0.7599295973777771, 0.7316171526908875, 0.7179867029190063, 0.7143165469169617, 0.7095643281936646, 0.6935106515884399, 0.6928964853286743, 0.6669895052909851, 0.6434137225151062, 0.6468510627746582, 0.6508585214614868, 0.6329160928726196, 0.6238498091697693, 0.6119722723960876, 0.6110919117927551, 0.6000968217849731, 0.5820079445838928, 0.588576078414917, 0.5690740346908569, 0.563667356967926, 0.5748685002326965, 0.5508937239646912, 0.5532490611076355, 0.5296058654785156], "val_accuracy": [0.5349907875061035, 0.26703497767448425, 0.27808472514152527, 0.14456722140312195, 0.32688766717910767, 0.26611417531967163, 0.1860036849975586, 0.28084713220596313, 0.30662983655929565, 0.2007366418838501, 0.4079189598560333, 0.27163904905319214, 0.4613259732723236, 0.33701658248901367, 0.2697974145412445, 0.234806627035141, 0.5626150965690613, 0.540515661239624, 0.44383057951927185, 0.33517494797706604, 0.32136279344558716, 0.36003682017326355, 0.3572744131088257, 0.39410680532455444, 0.38581952452659607, 0.38029465079307556], "val_loss": [1.0303254127502441, 0.937724769115448, 0.943179190158844, 1.4362475872039795, 0.9528066515922546, 0.9895648956298828, 1.485969066619873, 1.0269770622253418, 0.9545247554779053, 1.3183469772338867, 0.8063668012619019, 1.2721325159072876, 0.8659937977790833, 1.0236667394638062, 1.7099449634552002, 2.0989742279052734, 0.8127544522285461, 1.1161068677902222, 0.8897822499275208, 1.3918532133102417, 1.4503034353256226, 1.314653754234314, 1.3868173360824585, 1.374855399131775, 1.3700751066207886, 1.4339269399642944], "learning_rate": [0.0010000000474974513, 0.0010000000474974513, 0.0010000000474974513, 0.0010000000474974513, 0.0010000000474974513, 0.0010000000474974513, 0.0010000000474974513, 0.0010000000474974513, 0.0010000000474974513, 0.0005000000237487257, 0.0005000000237487257, 0.0005000000237487257, 0.0005000000237487257, 0.0005000000237487257, 0.0005000000237487257, 0.0005000000237487257, 0.0005000000237487257, 0.0005000000237487257, 0.0002500000118743628, 0.0002500000118743628, 0.0002500000118743628, 0.0002500000118743628, 0.0002500000118743628, 0.0002500000118743628, 0.0002500000118743628, 0.0001250000059371814]}